region,strategy,p,q,wi,rmse,mae
North,TL,12,1,0.8895848061466083,0.6577366023346358,0.4701791556388182
North,TL,9,1,0.8717189402645471,0.742461143616209,0.5199952553784913
North,TL,3,1,0.8700468136194162,0.7410330834033149,0.5132031049751598
North,TL,6,1,0.8639276993750031,0.763124316135686,0.5321200925188098
North,TL,6,12,0.6131805195116816,1.266918113371828,0.9410637315036072
North,TL,9,12,0.5902706399011731,1.303396975841428,0.9610373653644988
North,TL,12,12,0.588752186187584,1.26704427352299,0.9407357538724899
North,TL,3,12,0.5879149209989243,1.211748387403462,0.8990283013538117
North,TL,12,3,0.5492315101029972,1.257424146441554,0.9637002183088316
North,TL,6,3,0.5323249841200361,1.366603430543158,1.042925679508065
North,TL,9,3,0.5315508505208655,1.317153870818384,1.009953680276791
North,TL,9,9,0.5124187974038419,1.340854662895039,1.005891399389487
North,TL,6,9,0.5111535544150141,1.356079981204768,1.015422222342894
North,TL,3,3,0.5031194277435935,1.425755667103368,1.076883363228942
North,TL,12,9,0.4894738422863729,1.335762476379164,0.9882553245699593
North,TL,3,9,0.4861584840120416,1.342728067984969,1.001941412923419
North,TL,12,6,0.4832824729878177,1.298216057043133,0.9993433900345031
North,TL,6,6,0.4562403474494454,1.399804420464208,1.085525549802879
North,TL,9,6,0.4492714006578846,1.395047340180251,1.090489447203179
North,TL,3,6,0.4472238780705147,1.489307123624431,1.146890949097095
North,Scratch,12,1,0.8875694172021474,0.6623795965509879,0.470955290649241
North,Scratch,3,1,0.869278878506909,0.7452322569210799,0.520793613846925
North,Scratch,6,1,0.8654414865338601,0.7701067948132613,0.5413327922676348
North,Scratch,9,1,0.8610704004479839,0.7654089712969879,0.5237635649338008
North,Scratch,6,12,0.5918996423682856,1.194813722338703,0.8792004994437572
North,Scratch,12,12,0.5759559941005149,1.291125530075887,0.9533072793035012
North,Scratch,9,9,0.5385997181122574,1.129418516073013,0.8571280054946768
North,Scratch,9,3,0.5194378895492487,1.343572554244828,1.027056893181997
North,Scratch,9,12,0.5039795578615607,1.213369270905017,0.9023899551334768
North,Scratch,12,3,0.5015538987764623,1.218711008152746,0.9153783893708344
North,Scratch,3,12,0.4996514043593239,1.142995501643183,0.8546840509526288
North,Scratch,6,9,0.4987033094904233,1.376758892877534,1.043425432647413
North,Scratch,6,3,0.4973747569249065,1.319171010606413,1.006985348607078
North,Scratch,12,6,0.470135949274168,1.337322939992138,1.048490409657762
North,Scratch,12,9,0.4635647934436236,1.398180202295353,1.042672102071012
North,Scratch,3,9,0.4545084610798571,1.187705978743095,0.9099187566624646
North,Scratch,6,6,0.4357607805175827,1.445169922440771,1.134386267140221
North,Scratch,9,6,0.4301719027626637,1.432813099072262,1.127820255353748
North,Scratch,3,3,0.4277169585003753,1.293245078732247,0.9852186333247808
North,Scratch,3,6,0.3791296161914921,1.346638052030032,1.034090411506354
Northeast,TL,12,1,0.8559788635280596,0.7412159652957894,0.5399729163643155
Northeast,TL,3,1,0.8428777130450736,0.7652683670429693,0.548446556297561
Northeast,TL,6,1,0.8271606923510396,0.8042786704444354,0.5851196299854333
Northeast,TL,9,1,0.8234799512964406,0.8164399201058691,0.5942365377425936
Northeast,TL,9,12,0.5856711294868723,1.271002824531167,0.9591524998226996
Northeast,TL,6,12,0.5468720818434658,1.259387873099007,0.9694112645265138
Northeast,TL,12,12,0.5401475789393566,1.256060935408485,0.9585397218162375
Northeast,TL,12,3,0.4787649910145346,1.228186378074081,0.9620836785422144
Northeast,TL,3,3,0.4535732657572188,1.379358630205572,1.081466985193019
Northeast,TL,3,12,0.451594901271189,1.426559818402624,1.119666562267139
Northeast,TL,9,3,0.4440250524668118,1.37744199961531,1.073042970881294
Northeast,TL,6,3,0.4341316891628675,1.450546152281879,1.137031656679839
Northeast,TL,12,9,0.4029237461366243,1.34216430063245,1.047834747031962
Northeast,TL,12,6,0.4018145301305709,1.167203404847951,0.8907475111625514
Northeast,TL,9,9,0.3953523930958146,1.223346110588896,0.9398485760653713
Northeast,TL,9,6,0.3503087547808745,1.447069757316215,1.136914332090283
Northeast,TL,6,6,0.3354471359865722,1.500556848304975,1.184653347915203
Northeast,TL,6,9,0.3339382597140291,1.500873734540959,1.173507787583606
Northeast,TL,3,6,0.3297008581928661,1.563241794771111,1.233073211061899
Northeast,TL,3,9,0.2996821208786076,1.639816744851005,1.296750731267025
Northeast,Scratch,12,1,0.8509306393111649,0.7552150046795941,0.5465423986271285
Northeast,Scratch,3,1,0.8421968297516711,0.7758832776126571,0.5590783565430587
Northeast,Scratch,6,1,0.8167020007144543,0.8223092931326255,0.5990905552566849
Northeast,Scratch,9,1,0.8116228158639451,0.84243129377721,0.6155213331825581
Northeast,Scratch,9,12,0.5892413576512335,1.254313569410084,0.935906022838502
Northeast,Scratch,6,12,0.5306916639116932,1.332456107483379,1.024551223721916
Northeast,Scratch,12,12,0.5304056262092929,1.431580365357607,1.084676082600802
Northeast,Scratch,12,3,0.4590365073540889,1.390383342640679,1.090200829057995
Northeast,Scratch,12,6,0.4386726986126145,1.150143672975064,0.91015471434611
Northeast,Scratch,9,3,0.4325063636308825,1.395185690170509,1.085737889968655
Northeast,Scratch,6,3,0.423289015842814,1.453610879071432,1.135701645325571
Northeast,Scratch,3,12,0.420498470208273,1.336013221283463,1.031461581973572
Northeast,Scratch,9,9,0.4025166164182753,1.206568501024713,0.9207946162494003
Northeast,Scratch,3,3,0.3969981284877847,1.247786060730942,0.967407468086903
Northeast,Scratch,12,9,0.3943335261434491,1.226677288536344,0.9547440238006404
Northeast,Scratch,9,6,0.3501702809239108,1.577731116467732,1.236992880509804
Northeast,Scratch,6,9,0.3431960769840318,1.513307538146387,1.193240752831941
Northeast,Scratch,3,6,0.3350901404357908,1.449115220333592,1.146390285665392
Northeast,Scratch,6,6,0.3260973580478337,1.545985668971919,1.218646263529582
Northeast,Scratch,3,9,0.2896415620869848,1.486818445997918,1.186740137782108
Center-West,TL,12,1,0.843313671821657,0.9533421960491565,0.7162937460030743
Center-West,TL,9,1,0.8432445534296541,0.9730935613891859,0.7356130771360909
Center-West,TL,3,1,0.842258043348698,0.9298869300779808,0.6961554167094163
Center-West,TL,6,1,0.8254474233097174,0.9850793478030556,0.7527514169174524
Center-West,TL,12,3,0.5379035947038422,1.594704225104421,1.253691213665669
Center-West,TL,9,9,0.5297384409814259,1.656018354197495,1.279947480303662
Center-West,TL,6,9,0.5172239454747674,1.534120733553515,1.189923042675584
Center-West,TL,12,6,0.502506327719765,1.572126854916593,1.199169496253051
Center-West,TL,12,9,0.5012074122788025,1.565366718953843,1.195936752396901
Center-West,TL,9,6,0.5004655830874933,1.683245534128289,1.345206081675004
Center-West,TL,3,9,0.4916352783601404,1.586298994740647,1.219816778704662
Center-West,TL,6,6,0.4662774385857148,1.592477143685168,1.23062463948556
Center-West,TL,6,3,0.4486475435821615,1.742510391089277,1.39593444692437
Center-West,TL,3,12,0.4446897254250153,1.791570038988019,1.339887106217337
Center-West,TL,3,3,0.4269324199915209,1.729783413599107,1.378043965228282
Center-West,TL,12,12,0.4215476781267884,1.788029284474415,1.35756339708368
Center-West,TL,6,12,0.414364271366309,1.824370686139201,1.378270318931047
Center-West,TL,3,6,0.4053881328943548,1.761390338493931,1.411616204707628
Center-West,TL,9,12,0.4041479994144462,1.746218613516534,1.327055853819176
Center-West,TL,9,3,0.3959836653314146,1.683737858014088,1.312283824444051
Center-West,Scratch,3,1,0.8486719134752696,0.9400990999502642,0.708754670336425
Center-West,Scratch,12,1,0.8373984323027688,0.9634458986830943,0.7299303381472881
Center-West,Scratch,9,1,0.8344212411313285,0.9726935213481702,0.744974876961143
Center-West,Scratch,6,1,0.8198625725700276,1.012024870758079,0.7802656429416176
Center-West,Scratch,9,9,0.5358882291969107,1.541103607600633,1.183109061001729
Center-West,Scratch,6,9,0.5211990306564398,1.493957041643749,1.135002673477822
Center-West,Scratch,12,9,0.5022929254280702,1.60665658779123,1.20531769057885
Center-West,Scratch,3,9,0.4919416973335218,1.582920123296265,1.210129323984847
Center-West,Scratch,12,3,0.4581500954665235,1.888307299652132,1.536325856679181
Center-West,Scratch,9,6,0.4506297840863169,1.823458761026194,1.464975696101216
Center-West,Scratch,3,6,0.4505391163375406,1.741972312710008,1.379226707254059
Center-West,Scratch,3,3,0.4387358017629578,1.896779156756694,1.537202538720078
Center-West,Scratch,6,3,0.4364328068385492,1.691405873947351,1.344319449884499
Center-West,Scratch,12,6,0.4338484419300551,2.02274201031341,1.665625729506398
Center-West,Scratch,9,3,0.4265910980312629,1.779865690938747,1.404891555711547
Center-West,Scratch,6,12,0.4229083675235767,1.856280598727181,1.392077918763615
Center-West,Scratch,6,6,0.4045923966496618,1.851972877088178,1.475050961771916
Center-West,Scratch,9,12,0.4021203683510469,1.961588532086107,1.489276516569013
Center-West,Scratch,12,12,0.3961019552422773,1.944863544870209,1.492887016728275
Center-West,Scratch,3,12,0.3883121890701472,1.64001008813538,1.2535811568943
Southeast,TL,9,1,0.8591711490951119,0.8460636012328169,0.6545617962274656
Southeast,TL,3,1,0.8579403483961119,0.8245688029928743,0.6342876816618133
Southeast,TL,12,1,0.8529464873626691,0.8561413372883167,0.6475479373380109
Southeast,TL,6,1,0.8468590202369777,0.8451721067386667,0.6555032606502736
Southeast,TL,12,12,0.6946532210314618,1.187855151125736,0.9097872746488469
Southeast,TL,9,12,0.6869895433464426,1.217343105919862,0.9456927675418549
Southeast,TL,6,12,0.6561319876767799,1.316207098969534,1.025673974252633
Southeast,TL,3,12,0.6430495441411868,1.357729167540765,1.066709012692644
Southeast,TL,3,3,0.5753788940327493,1.423687218846921,1.116915047349965
Southeast,TL,6,3,0.5563433666375552,1.430119890268401,1.100923825619843
Southeast,TL,12,3,0.5468283905469247,1.485189761132711,1.169121555933624
Southeast,TL,6,9,0.5466987017973248,1.545235176994348,1.222726254268036
Southeast,TL,9,3,0.5443034323340439,1.474181365105075,1.148909994147353
Southeast,TL,3,9,0.5234100175690977,1.610993367167905,1.29217213476589
Southeast,TL,9,9,0.4945797480052958,1.563315180669988,1.25153105254294
Southeast,TL,12,9,0.4861760249922839,1.567388439521767,1.258416830007281
Southeast,TL,6,6,0.4501469676437962,1.644728818209646,1.300568974769026
Southeast,TL,3,6,0.4491851282310014,1.719416764898923,1.371857116596519
Southeast,TL,12,6,0.4483831755605757,1.416792285056958,1.12627887022485
Southeast,TL,9,6,0.4196967022830698,1.667563730229442,1.329613463764783
Southeast,Scratch,3,1,0.8611518971753123,0.8377356045377565,0.6263578274143967
Southeast,Scratch,12,1,0.8452890754324702,0.8883426973386939,0.6868916471088236
Southeast,Scratch,6,1,0.8404511974498913,0.8877367900441203,0.6884866523195607
Southeast,Scratch,9,1,0.7991447055671634,1.046791193235711,0.7813065429535428
Southeast,Scratch,9,12,0.6748482166849583,1.308960776953237,1.008761075348719
Southeast,Scratch,12,12,0.6713568937133068,1.321199506624271,1.019213196135967
Southeast,Scratch,6,12,0.6470654511996479,1.375083425678584,1.057802135752289
Southeast,Scratch,3,12,0.6114441776843522,1.33534320459962,1.060113731091442
Southeast,Scratch,6,3,0.5331310478906248,1.347419877441447,1.053040834884664
Southeast,Scratch,3,3,0.5273711753608108,1.41231002932155,1.112252120797821
Southeast,Scratch,9,3,0.5261405514992035,1.586361913069748,1.249168237201792
Southeast,Scratch,12,3,0.5252216803637166,1.615740117557518,1.286927444784402
Southeast,Scratch,6,9,0.5196836067710532,1.416683531099952,1.137134372017428
Southeast,Scratch,9,9,0.4969669528665366,1.641390403308182,1.322687509390112
Southeast,Scratch,12,9,0.4788320906034788,1.390135500118182,1.108117512690903
Southeast,Scratch,3,9,0.4759816010524218,1.47005796364589,1.182712724371174
Southeast,Scratch,12,6,0.4373523894135951,1.464616440391772,1.175210235888869
Southeast,Scratch,3,6,0.4189483102447633,1.527697971841268,1.221538444206851
Southeast,Scratch,6,6,0.4077237991946432,1.609246044219991,1.288029862539525
Southeast,Scratch,9,6,0.4035842617066024,1.731184842486944,1.381643737088915
South,TL,3,1,0.8919673566788828,0.7822802220175845,0.640575721033727
South,TL,12,1,0.8754342840841896,0.7854501973615257,0.6415299383242653
South,TL,6,1,0.8732053628680314,0.8373777994883299,0.6835087235611232
South,TL,9,1,0.8722937534091085,0.8439750582482736,0.6730590481326072
South,TL,6,12,0.6947134330692593,1.270677519069543,1.037612712187139
South,TL,9,12,0.6646426414190424,1.12288081820993,0.870956261391771
South,TL,12,12,0.65351950202361,1.193804215513193,0.9670874842519445
South,TL,9,3,0.5979957239896054,1.250835487739762,1.006800204257422
South,TL,3,6,0.5900895253679734,1.345618882094675,1.068661241174707
South,TL,3,12,0.5325711653205689,1.302790619480426,0.995438830811388
South,TL,6,6,0.5211267936472985,1.408712161122286,1.156650907676712
South,TL,9,6,0.5180583764611186,1.463773151956473,1.222171741565239
South,TL,9,9,0.4807675203340491,1.583475056959444,1.238738633840065
South,TL,12,6,0.456745026085323,1.51396785563076,1.252125886558392
South,TL,12,9,0.4391488917791918,1.706507220807628,1.358668853866018
South,TL,6,9,0.3945311482973098,1.743823543888857,1.384915466753498
South,TL,12,3,0.3696419551706714,1.419942850334125,1.069750733094347
South,TL,3,9,0.3513491654076153,1.905664924378942,1.506032286782115
South,TL,6,3,0.3250561837826849,1.536709082133993,1.181005212987693
South,TL,3,3,0.2907398890040247,1.627625444229531,1.259795304544817
South,Scratch,3,1,0.8658511433574895,0.8576323730625374,0.6776337522958897
South,Scratch,12,1,0.8634402953170942,0.7964381582510562,0.6545548063977259
South,Scratch,6,1,0.8617489151841701,0.8408639622106878,0.6827921085978873
South,Scratch,9,1,0.859864175801918,0.8725456623913828,0.6986035112590511
South,Scratch,3,6,0.5830316231845409,1.355295007443773,1.08560786042205
South,Scratch,9,12,0.5383220592748421,1.373328159738605,1.086536611354671
South,Scratch,9,3,0.5316035506592343,1.23497478580975,0.9632163182065191
South,Scratch,3,12,0.5212403666965808,1.547166208924532,1.161419920267727
South,Scratch,12,12,0.5152498752485597,1.275691479875366,1.007172786467385
South,Scratch,6,12,0.507002601050304,1.401275814861964,1.091781904139417
South,Scratch,9,6,0.5068485528410589,1.538357056286785,1.280931840499804
South,Scratch,6,6,0.4995805766205963,1.305425937203087,1.03963796269923
South,Scratch,6,3,0.4939415899532171,1.488388129927846,1.176047653796126
South,Scratch,3,3,0.4821793019078779,1.290036135871642,1.04043830818891
South,Scratch,9,9,0.4724891200597339,1.389133201036783,1.117258637712416
South,Scratch,6,9,0.4701552637298566,1.702428246110779,1.330354363055118
South,Scratch,12,9,0.4555425733371193,1.374628648820072,1.030584297636049
South,Scratch,12,6,0.4378110447259631,1.574949701331796,1.305442505699802
South,Scratch,12,3,0.4106282111555729,1.452926426475922,1.182562915749741
South,Scratch,3,9,0.3552348870907516,1.485194534874556,1.164302170358882
