Region,Split,n_pixel_months,mean,std,p05,median,p95
North,Train,3343132,0.0011930612,0.99899143,-1.7004859030246735,0.033595003,1.6105186820030206
North,Validation,251784,-0.016536059,1.1170021,-1.8209807336330412,-0.003204546,1.7700062274932826
North,Test,167856,-1.094734,1.4262395,-3.838547646999359,-0.9122047,0.9780968576669693
Northeast,Train,3712148,0.0026843697,0.9953816,-1.6448535919189453,-0.00048577457,1.688746803998947
Northeast,Validation,279576,0.11434002,1.1003792,-1.5875926315784454,0.06077806,2.001872181892395
Northeast,Test,186384,-0.36847624,1.0282925,-2.131356191635132,-0.3309149,1.3199790775775913
Center-West,Train,3151932,0.0029501705,0.996678,-1.7076902568340302,0.047309585,1.5822666227817535
Center-West,Validation,237384,-1.1272999,1.328812,-3.38192378282547,-1.1246793,0.9428973108530042
Center-West,Test,158256,-1.382886,1.5797625,-4.753424167633057,-1.0035925,0.7198465913534164
Southeast,Train,2283884,0.0013728138,0.99858046,-1.6897221863269805,0.029899748,1.6112384140491491
Southeast,Validation,172008,-0.67475283,1.2458557,-2.7994716644287108,-0.6424167,1.2739489197731015
Southeast,Test,114672,-0.6827969,1.3384054,-3.1320736050605773,-0.52862096,1.1895075023174282
South,Train,784876,0.00027564066,1.0000514,-1.6553886234760284,0.0060229884,1.642612338066101
South,Validation,59112,-0.7335502,1.2587504,-3.0082710862159727,-0.6448982,1.190950471162795
South,Test,39408,-0.31355184,1.1103396,-1.8983752012252808,-0.43562675,1.6997043371200566
